[
  {
    "id": "/subscriptions/23076540-ab19-49d6-8504-79ff23bf14b4/resourceGroups/Praecipio_Testing/providers/Microsoft.Resources/deployments/Microsoft.Template-20230212031057/operations/640BAA7979EB9D9A",
    "operationId": "640BAA7979EB9D9A",
    "properties": {
      "provisioningOperation": "Create",
      "provisioningState": "Succeeded",
      "timestamp": "2023-02-12T08:52:32.2933377Z",
      "duration": "PT16.0744833S",
      "trackingId": "69349a5c-6739-4c8e-ba9c-1378fcfd91ff",
      "statusCode": "OK",
      "targetResource": {
        "id": "/subscriptions/23076540-ab19-49d6-8504-79ff23bf14b4/resourceGroups/Praecipio_Testing/providers/Microsoft.Resources/deployments/alertsTemplate",
        "resourceType": "Microsoft.Resources/deployments",
        "resourceName": "alertsTemplate"
      }
    }
  },
  {
    "id": "/subscriptions/23076540-ab19-49d6-8504-79ff23bf14b4/resourceGroups/Praecipio_Testing/providers/Microsoft.Resources/deployments/Microsoft.Template-20230212031057/operations/5A61FEA4377FF151",
    "operationId": "5A61FEA4377FF151",
    "properties": {
      "provisioningOperation": "Create",
      "provisioningState": "Succeeded",
      "timestamp": "2023-02-12T08:52:16.1724393Z",
      "duration": "PT41M17.7015613S",
      "trackingId": "6c40fe46-cc8f-442b-96b5-35c02d979804",
      "statusCode": "OK",
      "targetResource": {
        "id": "/subscriptions/23076540-ab19-49d6-8504-79ff23bf14b4/resourceGroups/Praecipio_Testing/providers/Microsoft.Resources/deployments/jiraTemplate",
        "resourceType": "Microsoft.Resources/deployments",
        "resourceName": "jiraTemplate"
      }
    }
  },
  {
    "id": "/subscriptions/23076540-ab19-49d6-8504-79ff23bf14b4/resourceGroups/Praecipio_Testing/providers/Microsoft.Resources/deployments/Microsoft.Template-20230212031057/operations/6118008ACD45FF80",
    "operationId": "6118008ACD45FF80",
    "properties": {
      "provisioningOperation": "Create",
      "provisioningState": "Succeeded",
      "timestamp": "2023-02-12T08:11:45.1108434Z",
      "duration": "PT46.6399654S",
      "trackingId": "3c4cfd4f-522b-4b18-8716-2941748b1ea1",
      "statusCode": "OK",
      "targetResource": {
        "id": "/subscriptions/23076540-ab19-49d6-8504-79ff23bf14b4/resourceGroups/Praecipio_Testing/providers/Microsoft.Resources/deployments/vpcTemplate",
        "resourceType": "Microsoft.Resources/deployments",
        "resourceName": "vpcTemplate"
      }
    }
  },
  {
    "id": "/subscriptions/23076540-ab19-49d6-8504-79ff23bf14b4/resourceGroups/Praecipio_Testing/providers/Microsoft.Resources/deployments/Microsoft.Template-20230212031057/operations/0D81C8E759BE02AA",
    "operationId": "0D81C8E759BE02AA",
    "properties": {
      "provisioningOperation": "Create",
      "provisioningState": "Succeeded",
      "timestamp": "2023-02-12T08:11:14.2704555Z",
      "duration": "PT15.7995775S",
      "trackingId": "95d637e9-4703-46db-98d5-c59913261d7f",
      "statusCode": "OK",
      "targetResource": {
        "id": "/subscriptions/23076540-ab19-49d6-8504-79ff23bf14b4/resourceGroups/Praecipio_Testing/providers/Microsoft.Resources/deployments/pid-52ac9fe7-4b60-4296-8a36-5fc5baed7c4d-partnercenter",
        "resourceType": "Microsoft.Resources/deployments",
        "resourceName": "pid-52ac9fe7-4b60-4296-8a36-5fc5baed7c4d-partnercenter"
      }
    }
  },
  {
    "id": "/subscriptions/23076540-ab19-49d6-8504-79ff23bf14b4/resourceGroups/Praecipio_Testing/providers/Microsoft.Resources/deployments/Microsoft.Template-20230212031057/operations/08585254174275808876",
    "operationId": "08585254174275808876",
    "properties": {
      "provisioningOperation": "EvaluateDeploymentOutput",
      "provisioningState": "Succeeded",
      "timestamp": "2023-02-12T08:52:32.670789Z",
      "duration": "PT0.2213382S",
      "trackingId": "47c26784-aa78-41ba-b0d7-5c88d32e599d",
      "statusCode": "OK"
    }
  }
]